{"cameraMode":{"drawMode":0,"name":"Shaded","section":"Shading Mode"},"sceneLighting":true,"audioPlay":false,"sceneViewState":{"showFog":true,"showMaterialUpdate":false,"showSkybox":true,"showFlares":true,"showImageEffects":true,"showParticleSystems":true},"in2DMode":false,"pivot":{"x":1.5613155364990235,"y":139.0186004638672,"z":72.41890716552735},"rotation":{"x":-3.673922890357062e-7,"y":-0.34439322352409365,"z":-5.656281700794352e-7,"w":-0.9388255476951599},"size":373.2384338378906,"orthographic":true}