{"cameraMode":{"drawMode":0,"name":"Shaded","section":"Shading Mode"},"sceneLighting":true,"audioPlay":false,"sceneViewState":{"showFog":true,"showMaterialUpdate":true,"showSkybox":true,"showFlares":true,"showImageEffects":true,"showParticleSystems":true},"in2DMode":false,"pivot":{"x":-17.0,"y":5.001097679138184,"z":8.696149826049805},"rotation":{"x":0.0929541289806366,"y":-0.900452196598053,"z":0.23761247098445893,"w":0.35225799679756167},"size":642.7106323242188,"orthographic":true}