{"cameraMode":{"drawMode":0,"name":"Shaded","section":"Shading Mode"},"sceneLighting":true,"audioPlay":false,"sceneViewState":{"showFog":true,"showMaterialUpdate":false,"showSkybox":true,"showFlares":true,"showImageEffects":true,"showParticleSystems":true},"in2DMode":false,"pivot":{"x":384.0682373046875,"y":249.2437744140625,"z":200.5562744140625},"rotation":{"x":0.1254100650548935,"y":0.8724523782730103,"z":-0.29971233010292055,"w":0.3650640845298767},"size":1162.713623046875,"orthographic":true}